No.,Bahnaric,Vietnamese,PoS tag
1,abĕn,váy,Noun
2,abŭt,băo,Verb
3,ada,vịt,Noun
4,adal adal,"cẩn thận, khe khẽ, thong thả",Adjective
5,adon,xếp,Verb
6,adral,đánh dấu,Verb
7,adrang,đuổi đi,Verb
8,adrêch,"nòi, nòi giống",Noun
9,adrih 'ba,"mạ, cây mạ",Noun
10,adrin,"quá, lắm",Adverb
11,adrĭng,"cùng, với",Adverb
12,adrơ,"bộ mặt, khuôn mặt",Noun
13,adơi,cùng,Adverb
14,adrơ̆i jul,"chúc, chúc xuống",Verb
15,adruh,nữ thanh niên,Noun
16,adrung 'yĕr,chuồng gà,Noun
17,adrŭn,nhún,Verb
18,agah,ngoài,Noun
19,agĕi,giỏi,Adjective
20,"agreng, agrưch",xiêu,Verb
21,ahrĕi ơ̆u,"bây giờ, hiện nay",Adverb
22,ai bĭ mah,"rủi, không may",Adjective
23,ai brư̆,"họa, tai họa",Noun
24,akap,"bẫy, cái bẫy",Noun
25,akău,"thân, mình, thân thể",Noun
26,akău soh,trần,Adjective
27,akĕ,gầy,Adjective
28,akĕ akĕ blong blong,mảnh mai,Adjective
29,akĕ akoih,quắt,Adjective
30,"akhan,khan, tơja",nói,Verb
31,akhan ăn,trả lời,Verb
32,akŏm,thu hoạch,Verb
33,akơn,"gối, gối lên",Verb
34,akuk,"cúm, bệnh cúm",Noun
35,al,chặt,Adjective
36,"ala, gah ala","dưới, phía dưới",Preposition
37,alah plach,"gian, gian dối",Adjective
38,alăng,"khôn, khôn khéo, tỉnh táo",Adjective
39,alăng aluôh,khôn ngoan,Adjective
40,aleh,"rỗi, rỗi rãi",Adjective
41,"alê̆,lê̆",biết,Verb
42,aliêt,sờ,Verb
43,amăk,"mắc, ngoắc vào",Verb
44,"amem bơnat, amem mơnat","yêu quý, âu yĕm",Verb
45,amông,buồng,Noun
46,amrĕ,ớt,Noun
47,anat,khó,Adjective
48,anăn măt,họ tên,Noun
49,angiêng,"gào, hét",Verb
50,anglŏ anglơi,bình thường,Adjective
51,angŏi,bồ hóng,Noun
52,anguôn,giấu,Verb
53,anhang,vang vọng,Adjective
54,anhĭn,di chuyển,Verb
55,anhôm,tập trung,Verb
56,"anhông, bơđô",ru,Verb
57,"anhơl, pơ-ang",khoe,Verb
58,anhuk,giục,Verb
59,anhul,"ghẹo, trêu ghẹo",Verb
60,anhŭk,rủ,Verb
61,anong,gánh,Verb
62,anong măng,khuya,Noun
63,anô̆,phía trước,Preposition
64,anô̆ ană,sau này,Adverb
65,anô̆ kơnh,sau này,Adverb
66,anung,"gói, cái gói",Noun
67,anŭl,đùa,Verb
68,apach,"kì, kì cọ",Verb
69,"apăl, păl",bay,Verb
70,apăl asơl,bay lượn,Verb
71,"apinh,pinh","đòi, hỏi, xin",Verb
72,apinh sa,ăn xin,Verb
73,apo,mơ,Verb
74,apoh,lây,Verb
75,apoih,"đóm, đuốc",Noun
76,apôm,tròn,Adjective
77,apuih,dọn,Verb
78,apung,"quê, quê hương",Noun
79,ară,"còn, vẫn, vẫn còn",Adverb
80,ară tôm,"lành, còn nguyên",Adjective
81,areh,ghét,Verb
82,arih,"sống, chưa chín, tươi",Adjective
83,arônh,bừng,Adjective
84,asai,câu,Verb
85,aseh,"ngựa, con ngựa",Noun
86,asĕch,thịt,Noun
87,asĕng asĕng,nghiêng nghiêng,Adjective
88,asiu asău,rúc ra rúc rích,Verb
89,aong,chia,Verb
90,asu,đắp,Verb
91,atak,"ngỡ, tưởng",Verb
92,atau,đứng,Verb
93,atăk,lợp,Verb
94,atăk măt,đặt tên,Verb
95,atăng,phồng,Verb
96,athu,"phú lên, đắp",Verb
97,"athu , kơhning",che,Verb
98,atol,treo,Verb
99,atŏng,nòng,Noun
100,atơ̆t,giáp,Verb
101,atơ̆u,ma,Noun
102,atuch,kết thúc,Verb
103,atung,đang,Adverb
104,atung 'yung,lớn lên,Verb
105,au,áo,Noun
106,ăn,"đưa, tặng, cho",Verb
107,ayuh,gió lạnh,Noun
108,ba,chúng ta - hai người,Pronoun
109,bah,xuôi,Verb
110,bal,ruộng,Noun
111,beh,chạm vào,Verb
112,bek,"béo, mập",Adjective
113,bek 'bŏ,phính má,Adjective
114,bĕ,đi,Verb
115,bĕng,"khoác, đeo",Verb
116,"bia, 'bak","vàng, bạc",Noun
117,biêt,"cho vào, bỏ vào",Verb
118,biêk,cứ,Adverb
119,bih,chúng mày - hai người,Pronoun
120,bĭ,không,Adverb
121,bĭ ăn,ăn cấm,Verb
122,bĩ kơnă,rẻ,Adjective
123,bĭ lah 'boh,xa lạ,Adjective
124,bĭ mah,"thiếu, thiếu thốn",Adjective
125,bĭ man,không nổi,Adverb
126,bĭ thê̆,"dở, không hay",Adjective
127,bĭ trŏ,"trệch, sai",Verb
128,bĭ wă sa,chán ăn,Adjective
129,bĭ yôk,khó chịu,Adjective
130,"blah, hlak","cái, chiếc",Classifier noun
131,blai,tràn,Verb
132,blăn,"trêu, ghẹo",Verb
133,bling bling,bập bùng,Adjective
134,blŏch,"vuốt, vuốt ve",Verb
135,blŏch ti,xoa tay,Verb
136,blơng khơng,đàn “bơ-lơng khơng”,Noun
137,blu,"đùi, bắp đùi",Noun
138,bluh lêch,"chui ra, bước ra",Verb
139,blung,chui,Verb
140,blŭ blă,rộn ràng,Adjective
141,blŭng adrol,vượt,Verb
142,blưk pit,nải chuối,Noun
143,"bor, kung","cầu,cái cầu",Noun
144,bŏ,bó,Verb
145,bơ̆k,cuốc,Verb
146,bôp,mầm,Noun
147,bô̆,bộ,Noun
148,bơbê,dê,Noun
149,bơda,"cầu vồng, mống",Noun
150,bơdal,"xoay,xoay quanh",Verb
151,bơdê,"coi khinh, mỉa mai",Verb
152,bơdiêu,trả,Verb
153,bơdong,"buồn,buồn rầu",Adjective
154,bơdŏ năng,so sánh,Verb
155,bơdô,"bẫy, ru",Verb
156,bơdô̆,trốn,Verb
157,bơdô̆ 'mi,trú mưa,Verb
158,bơdơĭ,nghỉ ngơi,Verb
159,bơdrŏng,giàu,Adjective
160,"bơdrưng, bơdrăng","chống,chống cự",Verb
161,bơdung,"thỏ,con thỏ",Noun
162,bơdư bơdong,"âu sầu, buồn rầu",Adjective
163,bơdư,im,Verb
164,bơdư sreh,im lặng,Adjective
165,bơdưng,dựng,Verb
166,bơgah krong,cửa sông,Noun
167,bơgang,"thuốc, thuốc chữa bệnh",Noun
168,bơgê,"ban mai, buổi sáng, bình minh",Noun
169,bơgê sruôih,sáng sớm,Noun
170,bơgơm,"kiêu, tự kiêu",Adjective
171,bơgrong sa kơpô,lễ đâm trâu,Noun
172,bơhnar,ba na,Noun
173,bơhngol,hồn,Noun
174,"boih, bơih",rồi,Adverb
175,bơjan,từ chối,Verb
176,bơjăng,"bíu, bíu vào",Verb
177,bơla ruôih,ngà voi,Noun
178,bơlang kai,chích chòe,Noun
179,bơlau,"đảo, hòn đảo",Noun
180,bơlŏ,cảm,Adjective
181,bơlŏ lơngoh,cảm lạnh,Adjective
182,bơluk,"ngu, ngốc",Adjective
183,bơlŭ bơlă,"lẫn, lẫn lộn",Verb
184,"bơnat, mem bơnat","mến, thương, thương mến",Verb
185,bơnăt đak,cái đập nước,Noun
186,bơne,cảm ơn,Verb
187,bơne,khen ngợi,Verb
188,bơne dih bơl,"chúc, chúc tụng",Verb
189,bơne tap ti,hoan hô,Verb
190,bơngai,người,Noun
191,bơngai grông,người lớn,Noun
192,bơngai hơ'yoh,người trẻ,Noun
193,bơngai jĭ,"bệnh nhân, người ốm",Noun
194,bơngai juăt,người quen,Noun
195,bơngai kră,người già,Noun
196,bơngai kră ŭnh,người chủ,Noun
197,bơngai kuê̆,người lạ,Noun
198,bơnga1 luôch,"xác chết, thi hài",Noun
199,bơngai nưih sơhngơ̆m,dũng sĩ,Noun
200,bơngai sơmah,thầy cúng,Noun
201,bơ nuôi hnam,nóc nhà,Noun
202,bơ̆n,chúng ta - từ ba người trở lên,Pronoun
203,bơ̆t,"chặn, ngăn",Verb
204,bơ̆t bơnăt đak,đắp đập,Verb
205,bral,hoảng sợ,Adjective
206,breh grăng,khỏe khoắn,Adjective
207,brêng brang,ánh sáng,Noun
208,bri,rừng,Noun
209,bri atơ̆u,nghĩa địa,Noun
210,"bri hơmôl, bri anat",rừng rậm,Noun
211,bri kông,rừng núi,Noun
212,bri kră,rừng già,Noun
213,brưng gơleh,hoa văn,Noun
214,brư̆,"ác, dữ, bẩn, ố",Adjective
215,brư̆,"cằn, cần cỗi",Adjective
216,brư̆ brich,xấu xí,Adjective
217,brư̆ kơnĕ,"độc ác, hung ác",Adjective
218,bu,ai,Pronoun
219,buch,"vặt, nhổ",Verb
220,bung,đòng đòng,Adjective
221,bui,"vui, vui vẻ",Adjective
222,bui 'nhông,nhộn nhịp,Adjective
223,buk,"mủn, mục, ruỗng",Adjective
224,bươ bươ,vừa... vừa,Adverb
225,bưt đak,"đê, con đê",Noun
226,ba,"lúa, thóc",Noun
227,"bak, kok",bể,Verb
228,bak bak,trăng trắng,Adjective
229,bak kơmŏng,trắng bóc,Adjective
230,bak si,báo sĩ,Noun
231,"bal, 'bar",hai- 2,Numeral/Quantity
232,bau tang,bảo tàng,Noun
233,bă,"cha, bố",Noun
234,bă 'băn,dượng - chồng em mẹ,Noun
235,bă mĭ,cha mẹ,Noun
236,bă rong,bố nuôi,Noun
237,bă tơnăi,"bố chồng, bố vợ",Noun
238,bă yăng,bố dượng - chồng sau của mẹ,Noun
239,băk,bắc,Noun
240,băng,bùa ngải,Noun
241,bău,"hồ, ao",Noun
242,beng 'ngam,đường ăn,Noun
243,bet,"diệt, giết",Verb
244,bĕnh,đầy,Adjective
245,bĕng,bánh,Noun
246,bich,nằm,Verb
247,biêh,"khéo, khéo léo",Adjective
248,biê̆,"ít, hiếm",Adjective
249,biê̆ loi,"kém, ít hơn",Adjective
250,bih,rắn,Noun
251,bih ka,rắn nước,Noun
252,bit,"bênh, bênh vực",Verb
253,blang,sắn,Noun
254,blăn,"bỡn, đùa bỡn",Verb
255,bling nhip,nhấp nháy,Adjective
256,blip,lóe sáng,Adjective
257,blŏch 'bom,quệt,Verb
258,"blŏk, băt",nhớ,Verb
259,blŏk ling lang,thao thức,Verb
260,boh,"hiện, hiện ra, thấy, muối",Verb
261,boi diong,bắt chước,Verb
262,bok,ông,Noun
263,bok bơgang,"bác sĩ, thầy thuốc",Noun
264,bok kla kơđong,"báo, con báo",Verb
265,bok kla pơhum,"hổ, con hổ",Noun
266,"bok ư, 'bok y",cụ ông,Noun
267,"bom, beh","đụng, chạm",Verb
268,bŏ,má,Noun
269,bot ti,thò tay,Verb
270,bot,đeo,Verb
271,"bot , amơt",mò,Verb
272,bô đôi,bộ đội,Noun
273,bônh,bện,Verb
274,bơ,bờ,Noun
275,"bơ̆l, 'bơ̆r","miệng, mồm",Noun
276,"bơ̆l, 'bơ̆r, nơ̆r","tiếng nói, ngôn ngữ",Noun
277,bơ̆I angiêng,tiếng kêu,Noun
278,bơ̆i Bơhnar,tiếng Ba na,Noun
279,bơ̆l đon,"tính, tính tình",Noun
280,bơ̆l kơkuh,lời chào,Noun
281,bơ̆l krau,tiếng gọi,Noun
282,bơ̆l nhĩm,tiếng khóc,Noun
283,bơ̆l pơđam,trò chuyện,Verb
284,bơ̆l pơma,"giọng nói, tiếng nói",Noun
285,bơ̆t,"uốn, nắn",Verb
286,brôm,gầm sàn,Noun
287,brông 'brang,sặc sỡ,Adjective
288,brơh,"hại, hãm hại",Verb
289,brơ̆u,"vàng, màu vàng",Noun
290,brơ̆u 'brơt,vàng khè,Adjective
291,brữ,xấu,Adjective
292,brữ kơnĕ,xấu xa,Adjective
293,buh,"nung, nướng, thiêu, thui, đốt",Verb
294,bui nhui,bùi nhùi,Adjective
295,buih,men,Noun
296,bum,củ,Noun
297,bum bri,củ mài,Noun
298,bunh 'bơ̆k,khoai lang,Noun
299,bum ngu,đơn giản,Adjective
300,buôi,buổi,Noun
301,bŭ,"chôn, vùi, lấp",Verb
302,bưp 'bưp,rung rinh,Verb
303,chai,vùng đó,Noun
304,"chang,jang",bận,Adjective
305,chau,chào,Verb
306,chă,"kiếm, tìm",Verb
307,chă hming,chạy chữa,Verb
308,chă jơluk jơlăk,Sục sạo,Verb
309,chă ruih,soát,Verb
310,chă wă alê̆,tìm hiểu,Verb
311,chăI,chẻ,Verb
312,chăm Hroi,Chăm Hroi,Adjective
313,chăng,"kệ, mặc kệ",Verb
314,chen,"chén, li",Noun
315,cheu,"khoét, ngoáy, dùi",Verb
316,chĕp,"dẫn, dắt, bưng, xách, bê",Verb
317,chĕp tơ'nhơi,"nhấc, nhấc lên",Verb
318,chê,"chê, khăn, vải",Noun
319,chiêm,"chèn, chêm",Verb
320,chiêm,"cài, gài, dắt",Verb
321,chiêu,"chiếu, cái chiếu",Noun
322,chiêŭ,chiếu phim,Verb
323,chih,viết,Verb
324,chih akău,xăm mình,Verb
325,ching,cái chiêng,Noun
326,choh,mổ,Verb
327,chop,"rình, rón rén",Verb
328,chôh,nở,Verb
329,chông,chèo,Verb
330,"chô̆, lơnguach","bó, buộc, trói",Verb
331,chơ,chở,Verb
332,chơdah,gần sáng,Adjective
333,chơdŏng hnam wal,nóc nhà rông,Noun
334,chơđa,gang tay,Noun
335,chơđah chơđang,nứt nẻ,Adjective
336,"chơđeh , blah","tấm, mảnh, miếng",Noun
337,chơđong,bẫy lớn,Noun
338,chơhleng chơhlot,mịt mùng,Adjective
339,chơhlung,"hầm, hố",Adjective
340,chơhning,"chắn, che",Verb
341,chơhnong,rạ,Noun
342,chơkăt 'bơ̆l,"hứa, thề",Verb
343,chơke,lợn rừng,Noun
344,chơkep,gắp,Verb
345,chơkŭp hnam,chái nhà,Adjective
346,chơmuk,"nhận, nhấn xuống",Verb
347,chơneh,thúng,Noun
348,chơnĕch,"vê, vân vê",Verb
349,chơnŭp,"nhúm, dúm",Noun
350,chơnglôk chơnglak,íới,Adverb
351,chơ'nhot chơ'nhat,nhăn nheo,Adjective
352,chơpik,"cầy, chồn",Noun
353,chơpuih,quét,Verb
354,chơ̆,chợ,Noun
355,chơrau,"sáo, chim sáo",Noun
356,chrĕk,rạch,Noun
357,chro,lo,Verb
358,chro đi,lo toan,Verb
359,chro đon,nghĩ,Verb
360,chroh,ỉa chảy,Verb
361,chruh đak,tưới,Verb
362,chruh kơ̆i đe hơ'yoh,trung thu,Noun
363,"chruh kơ̆l, chruh kơ̆r",ăn tết,Verb
364,chu nhơ̆t,chủ nhật,Noun
365,"chul, sra",vôi,Noun
366,chuô,chùa,Noun
367,chuôh,cát,Noun
368,chup,"vồ, chồm lên",Verb
369,chŭt ŭnh,nhóm lửa,Verb
370,chư,chữ,Noun
371,dach,"luôn, thường xuyên",Adverb
372,dal,dịu,Adjective
373,dal wang,xung quanh,Adverb
374,dang,bỗng,Adverb
375,dang 'noh,"chừng, mức",Noun
376,dĕk,cười,Verb
377,dĕk chơt,tươi cười,Adjective
378,dêh,"rất, lắm, mạnh",Adverb
379,diê],"chắc, mẩy",Adverb
380,dih plơh,mong muốn,Noun
381,dih hnam,mái nhà,Noun
382,diong,theo,Verb
383,dĭ,của,Preposition
384,dŏng,cứu,Verb
385,"dôm, dôm yơ","mấy, bao nhiêu",Determiner
386,dôm ơ̆i,bấy nhiêu,Pronoun
387,dơbeh,gạt,Verb
388,dơblenh,"phiền muộn, buồn",Adjective
389,dơbŏng,"chĩa, chỉ vào",Verb
390,dơbơ̆ng,hứng,Adjective
391,"dơbuh, adruk",nhảy xuống,Verb
392,dơbưk,dao rựa,Noun
393,dơbưk muih,dao phát,Noun
394,dơdrơ̆u,sáu - 6,Numeral/Quantity
395,dơdui,co kéo,Verb
396,dơgal,ghen tị,Adjective
397,dơgal 'yŏk,"chiếm, giành lấy",Verb
398,dơgiêng,nhánh,Noun
399,dơgiêng lư,xum xuê,Adjective
400,dơglưm,vật nhau,Verb
401,dơgơ̆,gẫy,Verb
402,dơlô̆,oẹ,Verb
403,dơngưl,"cọc, cái cọc",Noun
404,dơnŏ,"chô̆, nơi",Noun
405,dơnuh,nghèo,Adjective
406,dơnuh nan,nghèo khổ,Adjective
407,dră,"hong, phơi",Verb
408,dră drang,bề bộn,Adjective
409,driêu,"reo, hét",Verb
410,drŏng,"sợi, chiếc",Noun
411,druh,"đuổi, đuổi đi",Verb
412,duch,"cô, dì, mợ, thím",Noun
413,duch pơtho,cô giáo,Noun
414,dui,"kéo, níu",Verb
415,dui dih bơ̆l,dìu nhau,Verb
416,dul,cổng,Noun
417,duônh,nhặt,Verb
418,dư dư,vụng về,Adjective
419,đak,nước,Noun
420,"đak bơbŏ, đak tih","lụt, nước lụt",Noun
421,đak chơ-uh,mồ hôi,Noun
422,đak dơwing,xoáy nước,Noun
423,đak lơngom,sương,Noun
424,đak măt,nước mắt,Noun
425,đak pơluk,vũng nước,Noun
426,đak sut,mật ong,Noun
427,đak tih,"lũ, cơn lũ",Noun
428,đak toh,sữa,Noun
429,đau,gươm,Noun
430,đăm,năm - 5,Numeral/Quantity
431,đe,"họ, người ta, các",Pronoun
432,"đe hơ 'yĕ, đe hơ 'yoh",trẻ con,Noun
433,đe 'yoh,"con nít, trẻ con",Noun
434,đeh,đẻ,Verb
435,điah,"hình, chạm trổ",Noun
436,điêl,"dấu, dấu vết",Noun
437,đim,chưa,Adverb
438,đim đi,sót,Verb
439,đim keh,"dở, chưa xong",Adjective
440,đim khơh,"kém, không giỏi",Adjective
441,đí,"cả, tất cả, hết, không còn",Adverb
442,đí pran,kiệt sức,Adjective
443,đoh,đeo,Verb
444,đon,tai,Noun
445,đŏk,khỉ,Noun
446,đŏng,"cong, vênh",Adjective
447,đŏng đeu,"quanh co, uốn lượn",Adjective
448,đô sa,thức ăn,Noun
449,"đôi, 'ban",bạn,Noun
450,đơng,"nổi, trôi",Verb
451,đơng tơkan,"dạt, trôi dạt",Verb
452,đơ̆i,"được, có",Verb
453,đơ̆k,cám,Noun
454,đu,ngớ ngẩn,Adjective
455,đuk,"bực, dỗi, tức giận",Adjective
456,đum,chín,Adjective
457,đunh,"cũ, lâu",Adjective
458,đunh đunh,thỉnh thoảng,Adverb
459,đuôĭ,"cao, dài",Adjective
460,đuôn,"mũ, nón",Noun
461,đuôt,"lôi, rút, rụt",Verb
462,"đưng pơtơm, jơnang pơtơm",lúc đầu,Adverb
463,"đưng rĭng, đưng kơdŭ","sau, phía sau",Preposition
464,đưng rơ̆ng 'nơ̆u,sau đây,Adverb
465,đưng sơ̆,từ lâu,Preposition
466,đưng… truh…,từ…. đến…,Preposition
467,"e,ih",mày,Pronoun
468,et,uống,Verb
469,gah,"bên, phía, hướng",Adverb
470,gah agah,"ngoài, bên cạnh, ngoại trừ",Adverb
471,gah 'năr lĕch,"đông, phía đông",Noun
472,gah 'năr mữt,"tây, phía tây",Noun
473,gal,ghen,Verb
474,gan,"hẳn, hoàn toàn",Adverb
475,găm,đen,Adjective
476,găm lơmek,mượt mà,Adjective
477,găm sơnguat,đen kịt,Adjective
478,ge sơdrô,"ché, vò rượu",Noun
479,gĕh,hết,Adverb
480,gĕl,"hạt, hột, ngôi, con, quả, hạt...",Noun
481,gĕI măt 'bak,lòng trắng mắt,Noun
482,gĭt găl,đặc biệt,Adjective
483,glaih,sét,Noun
484,glaĭ,"hại, có hại",Adjective
485,glêh,mệt,Adjective
486,glêh glang,mệt mỏi,Adjective
487,gling gling,lim dim,Verb
488,"gloh, loi","hơn, ngoài",Adjective
489,glô̆ glă,lõm,Adjective
490,glơi,bơi,Verb
491,glư̆ch truh,"ùa, ùa vào",Verb
492,go,gò,Verb
493,gok,"ve, con ve",Noun
494,gŏ,nổi,Verb
495,gŏ ơ̆m,"ấm, cái ấm",Noun
496,gŏp,khuyên tai,Noun
497,gô,"chờ, đợi",Verb
498,gô adrol,phục kích,Verb
499,gô đêch,sẵn sàng,Adjective
500,gô lui,"khôn, ngoan",Adjective
501,gô răp,đón,Verb
502,gôh,đỏ,Adjective
503,gơdah,"đá, đạp",Verb
504,gơdai 'long,tán cây,Noun
505,gơdăp,"xéo, giẫm",Verb
506,gơdiêp,kèn,Noun
507,gơdĭm,tỏi,Noun
508,gơdơl,tắc,Noun
509,gơdơ̆u hli,"ẩn, trốn",Verb
510,gơdron,chuồng,Noun
511,gơgơ̆,gõ,Verb
512,gơh,biết cách,Verb
513,gơh băt,hiểu,Verb
514,gơh hơgĕi,giỏi,Adjective
515,gơi,gửi,Verb
516,gơk,"gồ, gồ lên",Adjective
517,gơl,"cán, chuôi",Noun
518,"gơlaĭ, bơplênh",nguy hiểm,Adjective
519,gơli,nghiêng,Adjective
520,gơning,"dựa, tựa",Verb
521,gơnơm,nhờ,Verb
522,gơnŭk,đống,Noun
523,gơ̆,bẻ,Verb
524,"gơ̆n, bơ̆t","cản, ngăn cản",Verb
525,grăng,khỏe,Adjective
526,grĕng nĕng,lục lạc,Noun
527,grê,"xe, cái xe",Noun
528,grêh grêh,rè,Adjective
529,groi,đồi,Noun
530,groi kông,cao nguyên,Noun
531,gron,nhốt,Verb
532,grôl,"vụng, không khéo",Adjective
533,grông,lớn,Adjective
534,gru,thợ,Noun
535,"grŭn, bơlŏ",sốt,Adjective
536,grưm,sấm,Noun
537,grưng grê,loạng choạng,Adjective
538,ha,há,Verb
539,"hach, tơrai","tan, nát",Verb
540,hach hŏch,tan nát,Adjective
541,hađĕn,"kiễng, kiễng lên",Verb
542,hăk,"mửa, nôn",Verb
543,han,"nhọn, sắc",Adjective
544,han dêh,nhọn hoắt,Adjective
545,hau,"cưỡi, leo, trèo",Verb
546,hăm đunh,bao lâu,Adjective
547,hăp,bắt đầu,Verb
548,hăp,nó,Pronoun
549,he,nhỉ,Adverb
550,hek,xé,Verb
551,hep,hút,Verb
552,hĕi,"hay, hoặc",Adverb
553,hiah,rách,Adjective
554,hiah hŏch,rách nát,Adjective
555,hiah hiông,rách toạc,Adjective
556,hiah hiưng,rách rưới,Adjective
557,hiê hiê,khúc khích,Adverb
558,hiên,ho,Verb
559,"hil, đuk","tức, giận",Adjective
560,hil areh,"căm, căm ghét",Verb
561,hĭnh,hình,Noun
562,hiong,mất,Verb
563,hiong bơngol,kinh hãi,Verb
564,hiong 'bơt,"hao, hao hụt",Adjective
565,"hĭnh,kơhĭnh",ảnh,Noun
566,hĭnh chih,"tranh, bức tranh",Noun
567,hla 'long,"lá, lá cây",Noun
568,"hla bơ-al, hla bơ-ar",giấy,Noun
569,"hla ja, ja",cỏ gianh,Noun
570,hla grê,rau tàu bay,Noun
571,hla hrum,rau dền,Noun
572,hla kơ,"cờ, lá cờ",Noun
573,hla 'nhem,rau,Noun
574,hla piêt,"lưỡi, cái lưỡi",Noun
575,hla piêt 'yĕr,lưỡi gà,Noun
576,hlak,"tờ, con",Noun
577,"hlău, 'bônh",dễ,Adjective
578,hlău hlik,dễ dàng,Adjective
579,hleh,"bứt, hái",Verb
580,hlih,lở,Verb
581,hling tra,pha chè,Verb
582,"hling , klŭ","dội, đổ, rót",Verb
583,hlŏ,xa,Adjective
584,hlŏ hlang,xa Xôi,Adjective
585,hlŏ hlŏ to,thấp thoáng,Adjective
586,hlôh,hiểu,Verb
587,hlôh hlăk,khôn lớn,Adjective
588,hlôl,sần,Adjective
589,hlôl hlal,"sẵn sùi, cổng kểnh",Adjective
590,hlơp,ngập,Adjective
591,hlung atău,mả,Noun
592,hlung đak,dòng nước,Noun
593,hluôi,"qua, quá, ra khỏi, băt rõ",Verb
594,hlup,lún,Adjective
595,hmăng,"bảo, nhờ, nhờ vả",Verb
596,hmĕt,"ấn, nén",Verb
597,hmiêt,"cất, cất đi",Verb
598,hming,"sửa, chữa",Verb
599,hming ji,chữa bệnh,Verb
600,hmuôch,kiến,Noun
601,hnam,nhà,Noun
602,hnam bơgang,bệnh viện,Noun
603,hnam kron,tù,Noun
604,hnam tĕch bơgang,nhà thuốc,Noun
605,hnam wal,nhà rông,Noun
606,hngiêl tep,giấc ngủ,Noun
607,hnhăi,ngó,Verb
608,hnhăi minh pah măt,liếc,Verb
609,hnhăi pơdưng mĕt,lườm,Verb
610,hnhăi thuôi,ngắm nghía,Verb
611,hnhuk,rủ,Verb
612,hnhŭk,mời,Verb
613,hniễ,"chen, lăn, xô, đẩy",Verb
614,hning hla 'long,rợp bóng,Verb
615,hnuh,trấu,Noun
616,hnuk hnua,hòa bình,Noun
617,hok,học,Verb
618,hok sinh,học sinh,Noun
619,hon,"mọc, mọc lên",Verb
620,hon sơnĕnh,mọc răng,Verb
621,hop,họp,Verb
622,hŏnh,héo,Adjective
623,hŏnh atrep,xẹp,Adjective
624,hŏnh hep,tóp,Adjective
625,"hơ, hắp",nó,Pronoun
626,hơbơ̆u,"nghìn, ngàn",Numeral/Quantity
627,hơbŭt,bão,Noun
628,hơ'bo,ngô,Noun
629,hơdơi,"đều, cũng",Adverb
630,hơdơi hơdơi wă,hòa thuận,Adjective
631,hơdriêng,sao,Adverb
632,hơdrĭng,cùng,Adverb
633,hơđŏng atău,cúng ma,Verb
634,hơđuh,"giật, giằng",Verb
635,hơgăi,giỏi,Adjective
636,hơh hah,khúc khích,Adjective
637,hơ'yoh,đứa bé,Noun
638,hơkuk,sổ mũi,Noun
639,hơleh,xong,Adverb
640,hơlĕch,trơn,Adjective
641,hơlŏng,họng,Noun
642,"hơlơ̆m, hơlih",sụt,Verb
643,hơ'măk,treo,Verb
644,hơmŏng 'long,"lộc, lộc cây",Noun
645,hơmôl,rậm,Adjective
646,hơmơng,sán,Noun
647,hơmưl,mây,Noun
648,hơnăt,vội,Adjective
649,hơnăt hơnăt,vội vã,Adjective
650,hơnhău,"xóc, xóc lên",Verb
651,hơnhuih,ướt,Adjective
652,hơnong,rơm,Noun
653,hơnong 'ba,mạ,Noun
654,hơnung hơnăng,ì ầm,Adjective
655,hơ-iơl,"nứa, cây nứa",Noun
656,hral,"thức, chưa ngủ",Verb
657,hrap tơnat,"khổ, cực, cực khổ",Adjective
658,hre,"Hrê, người Hrê",Noun
659,hriêng,trăm,Numeral/Quantity
660,hrul,vắng,Adjective
661,hrul hnam,vắng nhà,Adjective
662,hruôch,dẹt,Adjective
663,"hu, glang",bạc,Noun
664,huăng,rơi,Verb
665,huăt,"quất, vụt",Verb
666,huăt ka,đánh cá,Verb
667,huch,húp,Verb
668,huê,"ngoái, ngoái lại",Verb
669,huên,huyện,Noun
670,hui,"thưa, không dày",Adjective
671,hui hui,thưa thớt,Adjective
672,hum,tắm,Verb
673,huôl,giun - ở đất,Noun
674,huôt,thở,Verb
675,huôt sơhngơ̆m,hơi thở,Noun
676,hut,"hôn, ngửi, hít",Verb
677,hut mơ̆u,đánh hơi,Verb
678,hưch,mừng,Verb
679,hưch driêu,hò reo,Verb
680,hưch hanh,vui mừng,Verb
681,"hyot, dui",kéo,Verb
682,hyot kơtĕch,"rứt, rứt ra",Verb
683,hyôk,"vui, sướng, êm",Adjective
684,hyôk hiăn,"vui mừng, vui vẻ",Adjective
685,hyôk pơtơnh,hài hước,Adjective
686,hyơt,quên,Verb
687,ich,"phân, cứt",Noun
688,iêl,sạch,Adjective
689,in,"giống, giống nhau",Adjective
690,in đŭnh,"nguyên, như cũ",Adjective
691,inh,"tao, tôi",Pronoun
692,"it, tôn",đánh,Verb
693,it din bơl,đánh nhau,Verb
694,jah,"hay, hoặc",Adverb
695,jak,"giỏ, sọt",Noun
696,jal,"đời, cuộc đời",Noun
697,jang,bận,Adjective
698,jar,"chài, cái chài",Verb
699,jă,"giá, giá cả",Noun
700,jăl arih,đời sống,Noun
701,jăng,khỏe,Adjective
702,jăng pran,khỏe khoắn,Adjective
703,jĕl,tầng lớp,Noun
704,jê̆,gần,Adjective
705,jên,tiền,Noun
706,jich,dịch,Noun
707,jiêt,gọt,Verb
708,jih,rìa,Noun
709,jih bơgal,bờ rào,Noun
710,jil,"mang, hoẵng",Verb
711,jing,"biến thành, trở thành",Verb
712,jĭ,"đau, bệnh, ốm",Verb
713,jla,gai,Noun
714,jo,tùy,Adverb
715,jo inh,"tự, tự mình",Adverb
716,joh,"ca, hát",Verb
717,jong,nhồng,Verb
718,jô̆,rù,Verb
719,jơ,giờ,Noun
720,jơ pă,chỉ ... thôi,Adverb
721,jơdrap,"cái thuống, gậy trỉa lúa bắp",Noun
722,jơdră,"chiếu, rọi",Verb
723,jơdrông,"sâu, con sâu",Noun
724,jơdrơ̆u,"vợt, cái vợt",Noun
725,jơdruih,chổi,Noun
726,jơgơ̆i,"trống, cái trống",Noun
727,jơh,đã,Adverb
728,jơlang,cả,Adverb
729,jơliêng,"rắn mối, thằn lần",Noun
730,jơma,nhím,Noun
731,jơmang 'yĕr,mào gà,Noun
732,jơmuk,"dận, dận xuống",Verb
733,jơmul,trỉa,Verb
734,jơnang,buổi,Noun
735,jơnang adroln sơ̆,lúc trước,Adverb
736,jơnang 'noh hĕi,lúc nãy,Adverb
737,jơnang kơ'măng,buổi tối,Adverb
738,jơnang kơsơ̆,buổi chiều,Adverb
739,jơnang 'noh,"lúc đó, khi đó",Adverb
740,jơnang pơgê,buổi sáng,Adverb
741,jơnang pơtơm,lúc đầu,Adverb
742,jơne tih,Chiến thắng,Noun
743,jơnŭm,chung,Adjective
744,jơnŭm jơnăm,cùng nhau,Adverb
745,jơră,đẩy,Verb
746,jơro,giơ,Verb
747,jơ̆n tŭk,dân tộc,Noun
748,jơ̆p,"khắp, khắp nơi",Adjective
749,jơ̆p jang,khắp nơi,Noun
750,jrăng,cột,Verb
751,jrăng tơm,cột cái,Noun
752,jri,"đa, cây đa",Noun
753,jroh,dốc đứng,Noun
754,jrơl,"bướng, hỗn láo",Adjective
755,jrơ̆u,trộn,Verb
756,jruh,"lụi, tàn, rụng",Verb
757,jrŭ,"trũng, vực, cái vực",Noun
758,jrŭ tuôih,lõm,Adjective
759,jrưm,kim,Noun
760,juăt,quen,Verb
761,jul,xuống,Adverb
762,juô jot,buồn bã,Adjective
763,juôi,nai,Noun
764,juô̆,"giẫm, xéo",Verb
765,juơ̆t,thạo,Adjective
766,jŭp 'bơ̆i,"túm, túm lại",Verb
767,jưng,chân,Noun
768,jưng kông,chân núi,Noun
769,jưng plĕnh,chân trời,Noun
770,jương,giường,Noun
771,ka,cá,Noun
772,kam ơn,cám ơn,Verb
773,kang,"cằm, hàm",Noun
774,kang kưt,"cái lều, cái chòi",Noun
775,kăi,cày,Verb
776,"kăn, kăn hăp",chúng nó - từ ba người trở lên,Pronoun
777,kăp,cắn,Verb
778,kăp,mím,Noun
779,kăp 'biê̆ biê̆,nhấm,Verb
780,kăt,cắt,Verb
781,kăt,gặt,Verb
782,keh,"xong, dê rừng, sơn dương",Noun
783,ken,"bé, nhỏ",Adjective
784,ken đĕch,bé nhỏ,Adjective
785,ken kŏch,nhỏ xíu,Adjective
786,kĕng,đần tơ rưng,Noun
787,kep,"ép, kẹp",Verb
788,ket,"cấu, ngắt",Verb
789,kêch,tuốt,Verb
790,khaih,hú,Verb
791,kham,khám,Verb
792,"khan,akhan",nói,Verb
793,kheŭ kheŭ,cẩn thận,Adjective
794,khĕi,"trăng, tháng",Noun
795,khĕi adrol,tháng trước,Noun
796,khĕi 'bal,tháng hai,Noun
797,khĕi đưng rŏng,tháng sau,Noun
798,khĕi 'nơ̆u,tháng này,Noun
799,khĕi pha,trăng khuyết,Noun
800,khĕi pơnil,"trăng tròn, rằm",Noun
801,khăng,cứng,Adjective
802,kheŭ,khéo léo,Adjective
803,khĕ,"chậm, yếu",Adjective
804,khĕ dêh,chậm chạp,Adjective
805,khĕ khĕ,yếu ớt,Adjective
806,khĕ khă,ì ạch,Adjective
807,"khĭ , đĭ",lặng,Adjective
808,khŏ kơpơm,trở ngại,Noun
809,khôm,còng,Adjective
810,khôn,hiền,Adjective
811,khôn kheŭ,hiền lành,Adjective
812,khung,thu,Verb
813,"khŭi, 'bŭ",vun,Verb
814,kial,gió,Noun
815,kiêl klŏng,vực sâu,Noun
816,kiêl krong,lòng sông,Noun
817,"kiêng, ruk",vòng cổ,Noun
818,kiê̆,chăn,Noun
819,kih,"đi, đi",Verb
820,kla,trả,Verb
821,klaih,thoát,Verb
822,klaih,khỏi,Adverb
823,klak,"bụng, ruột",Noun
824,klang kok,"cò, con cò",Noun
825,klang pơsum,diều hâu,Noun
826,klăm,tối,Noun
827,klăm klu,"tối mịt, tối tăm",Adjective
828,klăm kleng,tối tăm,Adjective
829,klăn,trăn,Noun
830,kleng kleng,ngó ngó,Verb
831,kleng năm kleng sưt,lắc lư,Verb
832,klik,ồn,Adjective
833,klik klang,ồn ào,Adjective
834,"klĭ, lơmek",mịn,Adjective
835,"klĩ, lơmơ̆n","nhão, nhũn",Adjective
836,klŏk,đàn,Noun
837,klơm,gan,Noun
838,klơ̆k,cốc,Noun
839,klui,muộn,Adjective
840,ko,bạc,Noun
841,koh,"chém, chặt",Verb
842,koi,bóng,Noun
843,kon,con,Noun
844,kon kông,dân tộc thiểu số,Noun
845,kon kơdiŏng,con gái,Noun
846,"kon kơdruch, kon uch",con út,Noun
847,kon kơmăn,con dâu,Noun
848,kon mon,con cháu,Noun
849,kon tơhnglo,con trai,Noun
850,kon tring,nhân dân,Noun
851,kon uch,con út,Noun
852,kong,"vòng, cái vòng",Noun
853,kop,"rùa, con rùa",Noun
854,kŏ,"chó, con chó",Noun
855,kŏ jong,"mai mối, ăn hỏi",Noun
856,kŏ kơmuôl,chó săn,Noun
857,kông,núi,Noun
858,kơchai,kèo,Noun
859,kơchang,lúc,Noun
860,kơchiễ,"chật, hẹp",Adjective
861,kơchik,dứa,Noun
862,"kơchŏ, kơsŏ","góc, xó",Noun
863,kơchôp,"móng, vó",Noun
864,kơchuôĭ,ộc ra,Verb
865,"kơdăp, kơdah",đạp,Verb
866,"kơdih, krăi","khác, khác nhau",Adjective
867,kơdiŏng,"nữ, gái, vợ",Noun
868,kơdơ̆,"ghế, cái ghế",Noun
869,kơdơ̆u,chạy,Verb
870,kơdơ̆u hli,chạy trốn,Verb
871,kơdrăt,"giật mình, giật thột",Verb
872,kơdrô̆,"nhảy, nhảy múa",Verb
873,kơdrơ,mặt,Noun
874,kơdrư̆ng tih grông kơjung,cây cổ thụ,Noun
875,kơdung,sai trĩu,Adjective
876,kơdŭ,lưng,Noun
877,kơđeh,"ngắn, thấp",Adjective
878,kơđoh,vỏ,Noun
879,kơđôp,mớ,Noun
880,kơ-ep,rết,Noun
881,kơhning,khuất,Verb
882,kơjăp,vững,Adjective
883,kơjon,co ro,Adjective
884,kơjung,cao,Adjective
885,kơkŏch,"nhột, buồn",Adjective
886,kơkuh,"lim, cây lim",Noun
887,kơkuh hưch hanh,chào mừng,Verb
888,kơlenh,nhẵn,Adjective
889,kơlih,tham,Adjective
890,kơlot,"sầy, xước",Adjective
891,kơlŏk,đàn tơ rưng,Noun
892,kơlŭt,khúc,Noun
893,kơmlat,chớp,Verb
894,kơmuh đak,bọt nước,Noun
895,kơna,"nên, cho nên",Adverb
896,kơnă,"đắt, quí giá",Adjective
897,kơne,chuột,Noun
898,kơnh 'biễ,lúc sau,Adverb
899,kơniêh,"vuốt, móng",Noun
900,kơnĭt,"đít, đáy",Noun
901,kơ'năr,ban ngày,Adverb
902,kơ'năr dưng,buổi trưa,Adverb
903,kơ'nhĕt,"bịt, nhồi, nhét",Verb
904,kơ'nhip,"nhắm , chớp",Verb
905,kơpaih,"bông, cây bông",Noun
906,kơpal,đỉnh,Noun
907,kơpăng wang wơch,âm vang,Noun
908,kơpen,khố,Noun
909,kơpô,trâu,Noun
910,"kơpul , đàn","nhóm , đàn",Noun
911,kơpung,"dơi, con dơi",Noun
912,kơpưng,trên,Preposition
913,kơrăi,riêng,Adjective
914,kơsăi,té,Verb
915,kơsep,"hái, bứt",Verb
916,kơsĕ,"xanh - chưa chín, xanh, màu xanh",Adjective
917,kơsơl,lượn,Verb
918,kơsơ̆,"chiều, buổi chiều",Adverb
919,kơsơ̆ hyưm hyưm,xế chiều,Noun
920,kơsu mrơng,khàn,Adjective
921,kơtam,cua,Verb
922,kơtă,tại,Preposition
923,kơtau,mía,Noun
924,kơtĕi,tôm,Noun
925,kơtăp,trứng,Noun
926,kơtech,"đứt , cụt",Verb
927,kơthơ,"thư, bức thư",Noun
928,kơtiêng,"thềm, hè",Noun
929,kơting,xương,Noun
930,kơtoh,giọt,Noun
931,kơtot,cục tác,Verb
932,kơtơh,ngực,Noun
933,kơtơp,"bồ câu, chim bồ câu",Noun
934,kơtơ̆ng,nghe,Verb
935,kơtuah,quát,Verb
936,"kơtum, kơpul","nhóm, bọn",Noun
937,kơtum kơtŏng,"họ, họ hàng",Noun
938,kơwơng,"ông, con công",Noun
939,kơyuô,"bởi, bởi vì",Adverb
940,kơ̆i sô̆,"km, cây số",Unit noun
941,kơ̆l,đầu,Noun
942,kram,tre,Noun
943,kram yai,"trúc, cây trúc",Noun
944,krau awah,la hét,Verb
945,kră,"già, cũ",Adjective
946,kră pơlĕi,trưởng bản,Noun
947,kră sơ̆,tổ tiên,Noun
948,kră ŭnh hnam,"chủ, chủ nhà",Noun
949,krau,"gọi, kêu",Verb
950,krăi,"khác, lạ",Adjective
951,krăi krăi,"kì lạ, khác lạ",Adjective
952,kron,"giam, nhốt",Verb
953,krong,sông,Noun
954,krong 'Bung,sông Kôn,Noun
955,krung tơpanh,dòng họ,Noun
956,"kruôĭ chanh, chanh",chanh,Noun
957,kruôĭ 'bŏng,bưởi,Noun
958,kruôĭ 'ngam,"cam, quýt",Noun
959,krŭ,tê giác,Noun
960,kua,"qua, qua",Verb
961,kuă,chẳng,Adverb
962,kuaĭ,đục,Adjective
963,kuăng,"chóng, mau, nhanh",Adjective
964,kuăng kuăng,nhanh nhẹn,Adjective
965,kuăng rĕnh,nhanh chóng,Adjective
966,kue,què tần tật,Adjective
967,kueng kueng,ầm ầm,Adjective
968,kuĕnh,vượn,Noun
969,kuê̆,"quế, cây quế",Noun
970,kumi,sắn,Noun
971,kung,"cũng, thang, cầu",Verb
972,kung tơlĕi,cầu treo,Noun
973,kuôk,"cuốc, cái cuốc",Noun
974,kuôl,sủa,Verb
975,"kuôi, grôp",ôm,Verb
976,kuôt đon,hiểu ra,Verb
977,kuơ̆n,"quần, cái quần",Noun
978,kup kơ̆i,cúi đầu,Verb
979,kŭ sum,"kho, nhà kho",Noun
980,"kutăng,kơtăng",đầu gối,Noun
981,kư,cứ,Adverb
982,kưt keng,ếch,Noun
983,kưt drŏk,"cóc, con cóc",Noun
984,la,là,Verb
985,lach,"mắng, trách",Verb
986,lah,"thường, thường xuyên",Adverb
987,lang tang,mênh mông,Adjective
988,"lanhư, layơ",bao giờ,Adverb
989,lap,ngấy,Adjective
990,lă tuk,"nhả, nhả ra, nhè ra",Verb
991,lăh,quen,Verb
992,lat,bẹt,Verb
993,"layơ, lanhư",khi nào,Adverb
994,leng gong,"sáng sớm, rạng sáng",Noun
995,lêch,ra,Verb
996,lêch hluôi,"rời, rời khỏi",Verb
997,lêh lêm,ma quỷ,Noun
998,lêl,"hèn, nhát",Verb
999,"lễ, alễ",biết,Verb
1000,liêh,liếm,Verb
1001,liêm,"đẹp, xinh, hay",Adjective
1002,ling,mãi,Adverb
1003,ling lang,mãi mãi,Adverb
1004,linh,"chiến sĩ, người lính",Noun
1005,lĭ như,thế nào,Adverb
1006,lĭ ơ̆i,vì vậy,Adverb
1007,lĭ yơ,"sao, thế nào",Adverb
1008,loi,hơn,Adjective
1009,lŏng,lột,Verb
1010,lô,"tiếc, ân hận",Verb
1011,lơgah,mỗi,Determiner
1012,lơh,luôn,Adverb
1013,lơhach,"trơn, trượt",Adjective
1014,lơhuêch,huýt sáo,Verb
1015,lơhông,lỏng,Adjective
1016,lơhông lơhông,lỏng lẻo,Adjective
1017,lơkah,"dư, thừa",Adjective
1018,lơkah lơkai,thừa thãi,Adjective
1019,lơlơI,"nghịch, nghịch ngợm",Adjective
1020,lơmă,mỡ,Noun
1021,lơmek,mềm,Adjective
1022,lơmo,"bò, con bò",Noun
1023,lơmo kon,"bê, con bê",Noun
1024,lơmơt,mềm nhũn,Adjective
1025,lơnga,"mè, vừng",Noun
1026,"lơngoh, tơ'ngiêt, sơhngeu",rét,Adjective
1027,lơngơp lơngơp,ẩm,Adjective
1028,"lơnguô̆, băt","nhớ, nhớ nhung",Verb
1029,lơngưp,"mát, nguội",Adjective
1030,lơ-u,"dừa, cây dừa",Noun
1031,lơ̆i,"thế, vậy",Adverb
1032,lơ̆k,"trải, trải ra",Verb
1033,lơ̆m,"ở, tại, trong",Preposition
1034,lu ayăt,kẻ thù,Noun
1035,"lu bơ̆n, bơ̆n","bọn mình, mình",Pronoun
1036,lu tơtông,kẻ trộm,Noun
1037,lui,nghe lời,Verb
1038,luôch,chết,Verb
1039,luôch yol,ngất,Verb
1040,luôih,cởi,Verb
1041,luôn,nuốt,Verb
1042,lŭ,nịnh,Verb
1043,lư,"nhiều, đông",Adjective
1044,lư lang,rất nhiều,Adverb
1045,leh,mắc bẫy,Verb
1046,lê̆p lê̆p,nhởn nhơ,Adjective
1047,long,"cây, gỗ",Noun
1048,long adê,vầu,Noun
1049,long anong,đòn gánh,Noun
1050,long arĕn,"dâu, cây dâu",Noun
1051,long bri,cây cối,Noun
1052,long 'bươ,tay bừa,Noun
1053,long chih,"bút, cái bút",Noun
1054,long dơnăng,"lim, gỗ lim",Noun
1055,long jra,"gây, nạng",Verb
1056,long kăi,"cày, cái cày",Noun
1057,long kơdrưng,cây cổ thụ,Noun
1058,long sơhmuôn,cây cóc,Noun
1059,long tung,đòn khiêng,Noun
1060,long tŭl,sào chống bè,Noun
1061,long ŭnh,củi,Noun
1062,long wăk,que chòi,Noun
1063,lốp,"trẻ, non",Adjective
1064,lơ̆p 'bĕnh,vơi,Adjective
1065,lỡp loi adrol,trẻ ra,Adjective
1066,lơ̆p 'lang,trẻ măng,Adjective
1067,luôn,ngụm,Noun
1068,lưng,tốt,Adjective
1069,lưng liêm,tốt đẹp,Adjective
1070,ma,"cậu, chú",Noun
1071,"mah, tơ̆l",đủ,Adjective
1072,mai,chị,Noun
1073,mai oh,chị em,Noun
1074,maih,vàng,Noun
1075,mă lĕi,"tuy vậy, nhưng",Adverb
1076,"mă như, kiơ",nào,Adverb
1077,mă 'noh,kia,Adverb
1078,"măng cham, jung kung",sân,Noun
1079,măng lung măng linh,nhật thực,Noun
1080,măt,mắt,Noun
1081,măt khăi,mặt trăng,Noun
1082,măt 'năr,mặt trời,Noun
1083,met,mét,Unit noun
1084,meu,mèo,Noun
1085,meu bri,mèo rừng,Noun
1086,mi,anh rể,Noun
1087,mih,bác,Noun
1088,minh,một - 1,Numeral/Quantity
1089,"minh abơ̆u, abơ̆u","một nghìn, nghìn",Numeral/Quantity
1090,minh 'biĕ,một tí,Determiner
1091,minh hĕi,"một lúc, một chốc",Determiner
1092,"minh hriêng, hriêng","một trăm, trăm",Numeral/Quantity
1093,minh huôi kah,lúc nữa,Adverb
1094,minh jĭt,"mười - 10, một chục",Numeral/Quantity
1095,mỉnh jĭt juh,gấp mười,Adjective
1096,minh 'măng,một lần,Numeral/Quantity
1097,minh 'nu,cô đơn,Adjective
1098,minh pơnuôt,"nửa, một nửa",Numeral/Quantity
1099,"mir, na","nương, rẫy",Noun
1100,mĭ,mẹ,Noun
1101,mĭ yăng,"mẹ ghẻ, dì ghẻ",Noun
1102,mon,cháu - con của anh em,Noun
1103,mong,chứa,Verb
1104,mŏch,vụng,Verb
1105,mŏk,cốm,Noun
1106,mŏk lol,tò vò,Noun
1107,mŏm,bú,Verb
1108,mơhiưch mơhiach,lơ lửng,Adjective
1109,mơkuôi,kỳ nhông,Noun
1110,mơlơ̆u,"ngượng, xấu hổ, thẹn",Adjective
1111,mơmaĭ,"bọ mạt, bọ gà",Noun
1112,ragmŏ,"bò, bò đi",Verb
1113,mơng kơtang,anh hùng,Noun
1114,mơnglŏk,đom đóm,Noun
1115,mơ̆m,mâm,Noun
1116,mơ̆u,"mùi, mùi vị",Noun
1117,mơ̆u ding dơl,nấm hương,Noun
1118,mơ̆u khoi,khét,Adjective
1119,mơ̆u krŏng,"khai, mùi khai",Noun
1120,muh,mũi,Noun
1121,muh 'brữm,mũi tên,Noun
1122,muôĭ,"ngụp, lặn",Verb
1123,mŭ,âm hộ,Noun
1124,mưih,phát rẫy,Verb
1125,mưih kăl,chặt phá,Verb
1126,mưt,"vào, chui, rúc",Preposition
1127,ma,phải,Noun
1128,măm,ngậm,Verb
1129,măng,"lần, lươt, cửa, cửa ra vào",Noun
1130,măng 'mok,cửa sổ,Noun
1131,măng năm,chuyến đi,Noun
1132,măng tơm,cửa ra vào,Noun
1133,"mem bơnat,'mem mơnat","yêu mến, thân thiết",Verb
1134,mem truh luôch,chung thủy,Adjective
1135,mĕt,"bấm, bóp, véo",Verb
1136,mi,mưa,Noun
1137,mi prăng măng sơđah,mưa thuận gió hòa,Adjective
1138,miêu,"trái, bên trái",Noun
1139,mik,bôi,Verb
1140,moih dĕk,buồn cười,Adjective
1141,moih sŭng,buồn đái,Adjective
1142,"moih, wă","ham, thích, muốn",Verb
1143,mong,thù,Verb
1144,mơn,với,Preposition
1145,mơ̆u,hôi,Adjective
1146,mơ̆u brư,"hăng, mùi hăng",Noun
1147,mơ̆u hnong 'ba,nấm rơm,Noun
1148,"muôl, jơliêng","rắn mối, thằn lằn",Noun
1149,nai,"khác, khác",Adjective
1150,"nam, gah nam","nam, phía nam",Noun
1151,"nă, mih",bác,Noun
1152,nă ma,"bà con, họ hàng",Noun
1153,năm,đi,Verb
1154,năm adrol,đi trước,Verb
1155,năm arŏng arong,lùi,Verb
1156,năm 'bŭ atơ̆u,đưa ma,Verb
1157,năm chă,tìm kiếm,Verb
1158,"năm dal wang, năm tăp dal",đi vòng quanh,Verb
1159,năm đưng rŏng,đi sau,Verb
1160,năm gơdŭ gơdŭ,lùi,Verb
1161,năm sơhmanh,đi chơi,Verb
1162,năm sriêp,"lẩn, lẩn đi",Verb
1163,năng,ạ,Interjection/Exclamation
1164,năr dơmuônh kơnh,ngày kia,Noun
1165,"nĕ, nĕ pă","chớ, đừng",Adverb
1166,nêp,nĕp,Verb
1167,"ngal, ngal ŭnh",than,Noun
1168,nganh,chán nản,Adjective
1169,ngoh,cơm,Noun
1170,ngoi,"ngẩng, ngẩng lên",Verb
1171,"ngŏ, hnhĕi","xem, nhìn, trông giữ",Verb
1172,ngŏ,ngước,Verb
1173,ngŏ 'boh,nhìn thấy,Verb
1174,ngơ̆ tông,nhìn trộm,Verb
1175,ngơ̆n hang,ngân hàng,Noun
1176,ngui,mọng,Adjective
1177,nham,ngon,Adjective
1178,nhi,chúng tôi - hai người,Pronoun
1179,nhĭm,khóc,Verb
1180,nhĭm hmoi,khóc lóc,Verb
1181,"nhĭm ol, nhĭm kơsơk",nức nở,Adverb
1182,nho,nho,Noun
1183,"nhŏm, et phep",nhấp,Verb
1184,nhơk,"rọi, soi",Verb
1185,nhơn,chúng tôi - từ ba người trở lên,Pronoun
1186,nhơ̆i,"bên trên, phía trên",Noun
1187,nhơ̆t đinh,nhất định,Adjective
1188,nhŭng,lợn,Noun
1189,"như, mă như","nào, cái nào",Adverb
1190,nhưng,nhân bánh,Noun
1191,nô̆i tru,nội trú,Noun
1192,nưih,dữ,Adjective
1193,nưih brư,hung dữ,Adjective
1194,nưih 'moih,ước mơ,Noun
1195,nưih pơdŏk,khó tính,Adjective
1196,nưih sơhngơ̆m,"gan đạ, liều",Adjective
1197,nưih tơblah,trận đánh,Noun
1198,nau,mới,Adjective
1199,năk,cắm,Verb
1200,năp,"thóp, cái thóp",Noun
1201,năr,ngày,Noun
1202,năr abri,hôm qua,Noun
1203,năr adrơu,hôm nay,Noun
1204,năr brư,ngày xấu,Noun
1205,năr chruh kơ̆l,"tết, ngày tết",Noun
1206,năr dơning,"mai, ngày mai",Noun
1207,năr dơnuônh,ngày kia,Noun
1208,năr dưng,trưa,Noun
1209,năr iơ̆u,hôm kia,Noun
1210,năr jrang,xế trưa,Noun
1211,năr kơnă kơnơ̆l,"ngày lễ, ngày hội",Noun
1212,năr 'lưng,ngày tốt,Noun
1213,năr minh,ngày mồng một,Noun
1214,năr minh jït,ngày mồng mười,Noun
1215,năr mưt,hoàng hôn,Noun
1216,năr 'năr,ngày ngày,Noun
1217,năr sa mŏk,lễ mừng lúa mới,Noun
1218,năr sơtêt,ngày tết,Noun
1219,năr tơman,hôm kìa,Noun
1220,năr tơmĕt,hôm kỉa,Noun
1221,năr yơ ơ̆u,hôm nọ,Noun
1222,ngam,ngọt,Adjective
1223,ngĕnh 'ngĕnh,lắc,Verb
1224,ngiêng,hông,Noun
1225,ngĩl,sườn,Noun
1226,ngok,"não, óc",Noun
1227,ngot,"cưa, cứa",Verb
1228,ngơn,"ngóc, ngóc lên",Verb
1229,nguk,gật,Verb
1230,nguôn akău,"núp, nấp",Verb
1231,nguôn sriêp,bí mật,Noun
1232,ngưk ich,bọ hung,Noun
1233,nhă,bã,Noun
1234,nhă pơlai,"bướm, bươm bướm",Noun
1235,nhau,rửa,Verb
1236,nhau phe,vo gạo,Verb
1237,nhăt,cỏ,Noun
1238,"nhem sa, đô sa",thức ăn,Noun
1239,nheu,nheo,Adjective
1240,nhĕk,bỗng nhiên,Adverb
1241,nhik,cuốc nhỏ,Noun
1242,nhon,khoeo,Noun
1243,nhŏng,anh,Noun
1244,nhŏng mai,anh chị,Noun
1245,nhŏng oh,anh em,Noun
1246,nhui,khói,Noun
1247,nhŭ,"chua, giấm, dấm",Adjective
1248,nhŭ,"muối, mắm",Noun
1249,nhŭ hla kai,"dưa, dưa muối",Noun
1250,"noh, ơ̆i","ấy, đó, đấy",Pronoun
1251,noh hĕi,ban nãy,Noun
1252,nơ̆u,này,Pronoun
1253,nu,"con , người",Noun
1254,oh,em,Noun
1255,oh kơdiŏng,em gái,Noun
1256,oh tơhnglo,em trai,Noun
1257,oresol,thuốc oresol,Noun
1258,ŏ,gáy,Verb
1259,ŏng mai,đám cưới,Noun
1260,ôi,"ổi, quả ổi",Noun
1261,ôm,"thối, rữa",Adjective
1262,"ơh, lap","ớn, ngấy, ngán",Adjective
1263,ơĭ,có,Verb
1264,ơ̆p,"luộc, nấu, đồ",Verb
1265,ơ̆t,nhịn,Verb
1266,ơ̆t sơhngơ̆m,nín thở,Verb
1267,pah,"chẻ, bŏ",Verb
1268,pah klau,hoạn,Noun
1269,pah til,mai nhà rông,Noun
1270,"paĭ, kaĭ, kôch","cào, quào",Verb
1271,"pal, apal",bay,Verb
1272,"pal tơjul, apal tơjul","sà, sà xuơ̆ng",Noun
1273,pam,cái đó,Pronoun
1274,pang,"ném, quăng",Verb
1275,pang tŭk,vứt,Verb
1276,pă lê̆,không biết,Verb
1277,păk,đổ,Verb
1278,păt,tắt,Verb
1279,peh,giã,Verb
1280,pêng,ba - 3,Numeral/Quantity
1281,pĕnh kơpaih,bật bông,Verb
1282,phai,phải,Adverb
1283,pham,máu,Noun
1284,phang,"hơ, sưởi",Verb
1285,phau,súng,Noun
1286,phe,gạo,Noun
1287,phe 'ba,thóc gạo,Verb
1288,phĕi,"rái cá, con rái cá",Noun
1289,phi kông,phi công,Noun
1290,phĭ,lo,Verb
1291,phí phoi,no nê,Adjective
1292,phí tơnŏ,ấm no,Adjective
1293,phok,mốc,Noun
1294,phong tep,buồng ngủ,Noun
1295,phŏng,bong bóng,Noun
1296,phŏng 'nôm,bọng đái,Noun
1297,phôm,rắm,Noun
1298,phông,"cồng, cái cồng",Noun
1299,phu,thơm,Adjective
1300,phuk,ôi,Interjection/Exclamation
1301,phung,ầm,Adjective
1302,phung phung,"ầm ĩ, ầm ầm",Adjective
1303,pia đak,dưa leo,Noun
1304,pia kơ'ne,dưa chuột,Noun
1305,pia mơkai,dưa hấu,Noun
1306,piêng glip,thấp thoáng,Adjective
1307,piêu,"tiếp tục, nữa",Adverb
1308,pih,giặt,Verb
1309,pik,sơn,Verb
1310,ping 'ngil,sườn,Noun
1311,ping kông,sườn núi,Noun
1312,"pinh, apinh","đòi, hỏi, xin",Verb
1313,pit,chuối,Noun
1314,pit muh,khẩu trang,Noun
1315,pit pha,chuối lùn,Noun
1316,pit pơnang,chuối tiêu,Noun
1317,pĭm tru,bướu cổ,Noun
1318,pĭng păng,thình thịch,Adjective
1319,pla asai,lưỡi câu,Noun
1320,pla,"ngọn, lưỡi",Noun
1321,plaih ti,"sải, sải tay",Noun
1322,plăt,"cả, suốt",Pronoun
1323,plĕi,"quả, trái",Noun
1324,plĕi nưih,tim,Noun
1325,plĕi puôih,bắp chân,Noun
1326,plĕch,"len, len vào",Verb
1327,plĕnh,trời,Noun
1328,plim,lòa,Adjective
1329,plim măt 'yĕr,quáng gà,Noun
1330,"ploh, hmăng","bảo, sai, xui",Verb
1331,ploh tơ 'yung,"lệnh, mệnh lệnh",Noun
1332,plok,mù,Adjective
1333,plŏk,"mở, mở ra",Verb
1334,plŏk 'biê̆,"mở hé, hé ra",Verb
1335,plôh,"tháo, tháo ra",Verb
1336,ploh,mời,Verb
1337,plơ̆ plech,nhiều lần,Adjective
1338,pluk,"bật, vùng",Verb
1339,pluk 'yung,"nhỏm, nhỏm dậy",Verb
1340,plư̆ng plưng,mới hơn,Adjective
1341,poh,nhuộm,Verb
1342,pôk,nâng,Verb
1343,pơ-ak,bẹ,Verb
1344,pơ-ang,"báo, báo tin",Verb
1345,pơchah,vỡ,Verb
1346,pơchi,"chỉ, trỏ",Verb
1347,pơchiêp,chép,Verb
1348,pơchiêt,"len, len vào",Verb
1349,pơdal,"quay, quay tròn",Verb
1350,pơdê,"khinh, chế nhạo",Verb
1351,pơdoh,"nôi, cái nôi",Noun
1352,pơdô,"nhử, dử",Verb
1353,pơdŏ,"nấp, trốn",Verb
1354,pơduôch,mụn,Noun
1355,"pơdơi, pơdơh",nghỉ,Verb
1356,pơdơi kah,nghỉ ngơi,Verb
1357,pơdriêu jên,trả tiền,Verb
1358,pơđam,nói,Verb
1359,pơđam ăn,bảo,Verb
1360,pơđăm,năm - 5,Numeral/Quantity
1361,pơđêch adrin,"cố, cố gắng",Verb
1362,pơđep,bắt buộc,Adjective
1363,pơđơng,cuốn trôi,Verb
1364,pơ-eh,sưng,Verb
1365,pơgal,hàng rào,Noun
1366,pơgal 'măng,song cửa,Noun
1367,pơgal piêu,"quây, rào lại",Verb
1368,pơgăn,chẹn,Verb
1369,pơgơl,chỉ huy,Verb
1370,pơglŏng,chăm chú,Adverb
1371,pơhlum,"giả, không thật",Adjective
1372,pơhrăn,"can, can ngăn",Verb
1373,pơhrưng dĭh bơ̆l,nhường nhịn,Verb
1374,pơhư,tàn phá,Verb
1375,pơ'yŭ,dọa,Verb
1376,pơjing,phát triển,Verb
1377,pơjuŏ pơđep,"nạt, bắt nạt",Verb
1378,pơkă,"dặn, nhắc nhở",Verb
1379,pơkau,hoa,Noun
1380,pơkau 'ba,bông lúa,Noun
1381,"pơkeh, pơđi",nốt,Noun
1382,pơkep,ép,Verb
1383,pơkhô,sấy,Verb
1384,pơkuĕ pơkuă,ẩu,Adverb
1385,pơlah,"tấm, gạo tấm",Noun
1386,pơlang dru,"khướu, con khướu",Noun
1387,pơlĕch,nách,Noun
1388,pơlĕi,"buôn, làng",Noun
1389,pơlĕi pơla,bản làng,Noun
1390,pơlêch,"cho ra, làm ra",Verb
1391,pơliêu,chào mào,Noun
1392,pơlô,"lô̆, không lãi",Verb
1393,pơlôm hlĕnh,giả dối,Adjective
1394,pơluk pơlăk,"cục, cục cằn",Adjective
1395,"pơlung, pơdô","an ủi, dô̆ dành",Verb
1396,pơlŭk,"dốt, dốt nát",Adjective
1397,pơm,làm,Verb
1398,pơm ăn đe 'yŏk 'boi,làm gương,Verb
1399,pơm đôi,"làm bạn, kết bạn",Verb
1400,pơm liêm,làm dáng,Verb
1401,pơm năng,thử,Verb
1402,pơm pơgơm,ra oai,Verb
1403,pơm pơlôm,giả vờ,Verb
1404,pơm sa,làm ăn,Verb
1405,pơm sơ̆i,xây,Verb
1406,pơnai,"mái chèo, đũa cả",Noun
1407,pơna1 chơraih,que cời,Noun
1408,"pơnal, pơnar",cánh,Noun
1409,pơnam,"chăm, siêng năng",Adjective
1410,pơnam deh,chăm chỉ,Adjective
1411,pơnang,"cau, cây cau",Noun
1412,pơnăt,mít,Noun
1413,hơniê̆,độc,Adjective
1414,pơngot,đói,Adjective
1415,pơnhan,bát,Noun
1416,pơnhan grông,bát lớn,Noun
1417,pơnhan ken,bát nhỏ,Noun
1418,pơnhuôl,"tê tê, con trút",Noun
1419,pơnil hnam,vách nhà,Noun
1420,pơnŭ,đống,Noun
1421,pơ'nhau nưih,làm lành,Verb
1422,pơ'nuôi,nóc,Noun
1423,pơ-ol,nghẹn,Adjective
1424,pơ-ŏ,"xoài, quả xoài",Noun
1425,pơsau,"rể, chú rể, con rể",Noun
1426,pơsĕi,sắt,Noun
1427,"pơsel, yang yaI",én,Noun
1428,pơsiêm,bón,Verb
1429,pơsoh,phổi,Noun
1430,pơsuh,giấy,Noun
1431,pơtăm 'ba,cấy,Verb
1432,pơtăm,trồng,Verb
1433,pơtău,mông,Noun
1434,pơtep,"hàn, gắn, dán",Verb
1435,pơtho,"giảng, dạy",Verb
1436,pơtho akhan,"khuyên bảo, dạy dỗ",Verb
1437,"pơuh, pơtăng","phình, phình ra",Verb
1438,pơth nưih,mạnh dạn,Adjective
1439,pơtŏ,"hâm, hâm nóng",Verb
1440,pơtŏk,"bỏng, bị bổng",Adjective
1441,pơtơm,bắt đầu,Verb
1442,pơtơm lêch,ra đời,Verb
1443,pơtơ̆p,"dạy, dạy dỗ",Verb
1444,pơtơ̆p pơtho,"chỉ dẫn, bày vẽ",Verb
1445,pơtơ̆p thê jŭk,tập thể dục,Verb
1446,"pơtuôch, pơtĕng",nhọt,Adjective
1447,"pơ-ung, pơkiu",làm nũng,Verb
1448,pơwai,"oai, oai vệ",Adjective
1449,pơyat,"bạnh, bạnh ra",Verb
1450,pơ̆k,ngã,Verb
1451,pơ̆n,dám,Verb
1452,pra,sàn,Noun
1453,pra hnam ŭnh,giàn bếp,Noun
1454,prah,bắn,Verb
1455,praih,"dàn, dàn ra",Verb
1456,pran,"mạnh, khỏe",Adjective
1457,prau,"rồng, con rồng",Noun
1458,pre hơ,chúng nó - hai người,Pronoun
1459,pring,lóa,Adjective
1460,pro,cà,Noun
1461,prok,"sóc, con sóc",Noun
1462,prol,gội,Verb
1463,prơng tep,"chõng, cái chõng",Noun
1464,pui,vui,Adjective
1465,puôl,bí,Adjective
1466,puôn,bốn - 4,Numeral/Quantity
1467,pŭ,"cõng, địu",Verb
1468,rai,"quãi, vãi, gieo",Verb
1469,raih,"bày ra, dàn ra",Verb
1470,rang,sáng,Adjective
1471,rang agah agơi,sáng chói,Adjective
1472,rang jơdah,sáng rực,Adjective
1473,rang liêm,sáng sủa,Adjective
1474,răp,"phòng, để phòng",Verb
1475,re,kêu,Verb
1476,reh,gảy đàn,Verb
1477,rĕk rĕk,róc rách,Adjective
1478,rĕnh rê̆,"ngay, liền",Adverb
1479,rơ̆u,đánh thức,Verb
1480,ren,rèn,Verb
1481,riêh,rễ,Noun
1482,"riêng, năm riêng","săn, đi săn",Verb
1483,riêng hơyô,săn bắn,Verb
1484,riê̆,"hầm , ninh",Noun
1485,ring khing rang khang,ào ào,Adjective
1486,ring ring,nhộn nhịp,Adjective
1487,roi,kể,Verb
1488,rok,dọc theo,Adjective
1489,rok jih,"quanh, xung quanh",Noun
1490,rong,nuôi,Verb
1491,rong sữ,chăm sóc,Verb
1492,rŏch,mổ,Verb
1493,rôp,"bắt, giữ, tóm",Verb
1494,rôp hnhĕi,bắt thăm,Verb
1495,rôp ti,bắt tay,Verb
1496,rôp 'yŏk,"chộp, chụp lấy",Verb
1497,rơdah,ánh sáng,Noun
1498,rơdu,"chùng, chùng xuống",Adjective
1499,rơih,chọn,Verb
1500,rơret akău,rùng mình,Verb
1501,rơ̆u `,lay,Verb
1502,ruh,trụi,Adjective
1503,ruh rok,úa,Verb
1504,ruôh,tháo,Verb
1505,ruôih,voi,Noun
1506,ruôt,mua,Verb
1507,ruô̆ al,"siết, siết chặt",Verb
1508,sa,ăn,Verb
1509,sa et,ăn uống,Verb
1510,sa uĕi,ăn ở,Verb
1511,sang glang,đẹp đẽ,Adjective
1512,sap,nhạt,Adjective
1513,să,rộng,Adjective
1514,să lang tang,rộng mênh mông,Adjective
1515,sĕi,xay,Verb
1516,săng,dao,Noun
1517,săng chơkep,"kéo, cái kéo",Noun
1518,săp,rấm,Noun
1519,săt,chắt - con của cháu,Noun
1520,său,cháu - con của con,Noun
1521,sem,chim,Noun
1522,sem bri,"thú, thú vật",Noun
1523,sem blang kĕi,vành khuyên,Noun
1524,"sem chap, sem prum","sẻ, chim sẻ",Noun
1525,sem diĕ,"vẹt, con vẹt",Noun
1526,sem hlum,"bói cá, chim bói cá",Noun
1527,sem klang,chim diều hâu,Noun
1528,sem kơtơp,"cu, chim cu",Noun
1529,sem kơwơng,chim công,Noun
1530,sem kring,chim phương hoàng,Noun
1531,sem lơ-oh,cú mèo,Noun
1532,"sem prum, sem chap",chim sẻ,Noun
1533,sen,"sen, hoa sen",Noun
1534,seng suk,xẻng,Noun
1535,sêp,hái,Verb
1536,"siêm rong, siêm tơme",săn sóc,Verb
1537,sil,đào,Verb
1538,sil,kín,Adjective
1539,sĭch,chát,Adjective
1540,sĭn,chín,Adjective
1541,sĭn,chín - 9,Numeral/Quantity
1542,sĭt,"khâu, may",Verb
1543,sĭt 'boi,thêu,Verb
1544,so,nạo,Verb
1545,soh jrênh,hương,Noun
1546,soh,"châm, đốt",Verb
1547,sŏk,lông,Noun
1548,sŏk kang,râu,Noun
1549,sŏk kơ̆l,tóc,Noun
1550,sŏk miêm,"râu, ria",Noun
1551,sôk,"dúi, con dúi",Noun
1552,sơdrô,rượu,Noun
1553,sơdrô triêng,rượu cần,Noun
1554,sơđa,thày mo,Noun
1555,sơđiêng đak,"suối, khe",Noun
1556,sơgiêng 'long,cành cây,Noun
1557,sơhmanh,"chơi, trò chơi",Noun
1558,sơhmĕch,muỗi,Noun
1559,sơhmĕch wông,muỗi anôphen,Noun
1560,sơhngeu,"cóng, lạnh cóng",Adjective
1561,sơhngeu sơngot,lạnh lẽo,Adjective
1562,sơhngliêng,vai,Noun
1563,sơhngơ̆m,hơi thở,Noun
1564,sơlih,"thay , đổi",Verb
1565,sơlung afău,"mô, mả",Noun
1566,sơm,"với, và, bằng",Preposition
1567,sơmah,"cúng, khấn, cầu",Verb
1568,sơmah sơmat,cúng bái,Verb
1569,sơmah wă tuk atơ̆u,làm ma,Verb
1570,sơn,"gối, kê",Noun
1571,sơnăm,"năm, tuổi",Noun
1572,Sơnăm 'nau,sang năm,Adverb
1573,sơnăm 'nau piêu,sang năm nữa,Adverb
1574,sơnăm ơ̆u,năm nay,Noun
1575,sơnăm rŏng,năm ngoái,Noun
1576,sơnĕnh,răng,Noun
1577,sơnglŏng,"sao, ngôi sao",Noun
1578,sơnglŏng bơgê,sao mai,Noun
1579,sơnglơ̆ng tong măng,sao hôm,Noun
1580,srah,quật,Verb
1581,sơrăt,thái,Verb
1582,sơreh,róc,Verb
1583,sơ̆,xới,Verb
1584,sơ̆ kih,ngày xưa,Noun
1585,sơ̆p hla bơ-al,sách,Noun
1586,srah,đập,Verb
1587,srang,phóng,Verb
1588,sră,"chiếu, chiếu vào",Verb
1589,sră,"cung, nó, ná",Noun
1590,srĕ,khắc,Verb
1591,srê,nợ,Verb
1592,sriêng,"khô, ráo",Adjective
1593,sriêng hŏnh,khô héo,Adjective
1594,sriêng sreh,khô khan,Adjective
1595,sriễ,cạn,Adjective
1596,sring,chuỗi,Noun
1597,sring srung,chuồn chuồn,Noun
1598,srok,đơm,Verb
1599,srôp,cưới,Verb
1600,srôp kơdiŏng,lấy vợ,Verb
1601,srôp tơhnglo,lấy chồng,Verb
1602,srơ̆p,"bâu, đậu, mặc",Verb
1603,srơ̆p hlŭt,ăn mặc,Verb
1604,sruôih,sơ̆m,Adjective
1605,suai,say,Adjective
1606,"sum, kă sum",nhà kho,Noun
1607,sun,rặng,Noun
1608,sŭng,đái,Verb
1609,sung,"rìu, cái rìu",Noun
1610,suôn,lên,Verb
1611,sut,"ong, con ong, xóa, lau, chùi",Verb
1612,sŭp,"úp, đậy, đội",Verb
1613,"sưt rŏng, wih rŏng",quay lại,Verb
1614,sư̆,"đặt, để",Verb
1615,sư̆ kah,"dành, dành lại",Verb
1616,sư̆ akap,đặt bẫy,Verb
1617,"sư̆ amăn, sư̆ dĕng",tích trữ,Verb
1618,sư̆ ăn,nhường,Verb
1619,sư̆ anhơl,biết ơn,Adjective
1620,sư̆ lơ̆m klak,để bụng,Verb
1621,sư̆ tơ'boh ăn kơđe,trưng bày,Verb
1622,tach,tát,Verb
1623,tak,"giáo, cái giáo",Noun
1624,takơl,"ngả, ngả xuống",Verb
1625,tam,kịp,Adjective
1626,tanh,"dệt, đan",Verb
1627,tap,"vỗ, tát",Verb
1628,ta,"rải, tãi",Verb
1629,tăl,tầng lớp,Noun
1630,tăng,đắng,Adjective
1631,tăp,chọc,Verb
1632,tăp,"giáp với, liền kề",Verb
1633,tơ̆p bơ-al,vở,Noun
1634,tăp dal,xung quanh,Noun
1635,tăp trôm,chọc lỗ,Verb
1636,tău hoa,tàu hỏa,Noun
1637,teh,đất,Noun
1638,teh bri,giang sơn,Verb
1639,teh brữ,đất cằn,Noun
1640,teh chuôh,đất cát,Noun
1641,teh dal hnam,vườn,Noun
1642,teh đak,"đất nước, tổ quốc",Noun
1643,teh liêm,đất màu mỡ,Noun
1644,teh kơtă,đất sét,Noun
1645,teh tơmăn,"đồng bằng, bãi",Noun
1646,teng tong,bập bềnh,Adjective
1647,tep,ngủ,Verb
1648,tep hyơt,ngủ quên,Verb
1649,"tep hlêk, tep pok",ngủ say,Adjective
1650,tep hlơ̆k,"mơ, mê ngủ",Verb
1651,tĕch,bán,Verb
1652,tĕch bơdro,buôn bán,Verb
1653,tĕk wĕk,bọ gậy,Noun
1654,theng,"chốt, lẫy, cò",Verb
1655,thê lưng,tốt đẹp,Adjective
1656,thoi,theo,Verb
1657,thŏng,thuyền,Noun
1658,"thô̆ pŭn, thô̆ ai","may, may mắn",Adjective
1659,"thu , lơhing",khát,Adjective
1660,thuô,thua,Adjective
1661,thuôi,ngắm,Verb
1662,thuôk kơ'ne,"bả chuột, thuốc chuột",Noun
1663,thuôk ngoi phau,thuốc súng,Noun
1664,thuôl,thổi,Verb
1665,thư năng kah,nếm,Verb
1666,thư̆,thứ,Noun
1667,ti,tay,Noun
1668,tê̆i,theo,Verb
1669,tiêm,tiêm,Verb
1670,tiêng,đuôi,Noun
1671,tiêng jok,"phong lan, cây phong lan",Noun
1672,tiê̆,"theo, đuổi",Verb
1673,"tih, grông","to, lớn",Adjective
1674,tol,chiều dài,Noun
1675,ton pơnưng,đánh trống,Verb
1676,tong măng,nửa đêm,Noun
1677,tong sră,cánh nỏ,Noun
1678,top,"cụp, cụp lại",Verb
1679,tŏ,"nóng, nắng",Adjective
1680,tŏ,"ngôi, con, hòn",Determiner
1681,"tŏ, drŏng, hlak, pôm, gĕl…","cái, chiếc, con…",Determiner
1682,tŏ deh,"oi, oi bức",Adjective
1683,tŏ chơ-uh chơ-ông,nóng nực,Adjective
1684,tŏ phang,hạn hán,Adjective
1685,tŏk,lội,Verb
1686,tŏm,đâm,Verb
1687,tôn chinh,đánh chiêng,Verb
1688,tôn kơlok,đánh đàn,Verb
1689,tơbang,trưng bày,Verb
1690,tơbla măt,hoa mắt,Adjective
1691,tơblah,"chiến đấu, chiến tranh",Verb
1692,tơbluôch,tuột,Verb
1693,tơ'băl,dẻo,Adjective
1694,tơ'băng,măng,Noun
1695,tơ'bŏch,ghẻ,Noun
1696,tơ'bơ̆l,"đáp, đáp lời",Verb
1697,"tơ bơ̆l, tơsi",hót,Verb
1698,tơ'bra,cành,Noun
1699,tơchoh,băm,Verb
1700,tơchuang,chéo,Adjective
1701,tơdăm,nam thanh niên,Noun
1702,tơdrong,"chuyện, điều, thứ, việc",Noun
1703,tơdrong diêng diêu,tục lệ,Noun
1704,tơdrong kră sơ̆,truyện cổ tích,Noun
1705,tơdrong sơmĕnh,đồ chơi,Noun
1706,tơdrong,bài,Noun
1707,tơdrong kơdŏ suang,điệu múa,Noun
1708,tơdrong joh,điệu hát,Noun
1709,tơgel,"dốc, đèo",Noun
1710,tơgong,cẳng chân,Noun
1711,tơgŭm,giúp,Verb
1712,tơhlăk,"kẹt, tắc, nghẽn",Adjective
1713,tơhlông,"then, cái then, cài",Noun
1714,tơhngam,tám - 8,Numeral/Quantity
1715,tơhnglo,"đàn ông, nam, chồng",Noun
1716,tơhning hla 'long,rợp bóng cây,Verb
1717,tơja bơluk bơluk,nói lảm nhảm,Verb
1718,tơja 'beh,nói thầm,Verb
1719,tơja tơhlăk tơhlăk,ấp úng,Adjective
1720,tơjăt,"gập, gấp",Verb
1721,tơjĕng,bàn cãi,Verb
1722,tơjil,"húc, đụng",Verb
1723,tơjrăng,phản đối,Verb
1724,tơjroh tơjot,thi đua,Verb
1725,"tơjrưm, tơpau","gặp, tiếp xúc",Verb
1726,tơkal,cầu khẩn,Verb
1727,tơkach tơkal,cầu khẩn,Verb
1728,tơkan,"đến, hướng, phía",Verb
1729,tơkai,"chối, chối cãi",Verb
1730,tơklah,"đai, vành đai",Noun
1731,tơklep,"sát, gần",Adjective
1732,tơkot,kỳ đà,Noun
1733,tơkơi,"ghềnh, thác",Noun
1734,tơkơn,"đè, chồng lên",Verb
1735,tơkul tơkul,cuồn cuộn,Adjective
1736,tơkul kơtăng,quỳ,Verb
1737,tơlach,cãi,Verb
1738,tơlach tơ'bơ̆i,cãi lộn,Verb
1739,tơlah,chia tay,Verb
1740,tơlĕi,"dây, sợi dây",Noun
1741,tơlĕi bri,dây rừng,Noun
1742,tơliĕ,"sáo, cái sáo",Noun
1743,tơ'lôp,"bầu, cây bầu",Noun
1744,tơm,tảng,Noun
1745,tơm ',gốc,Noun
1746,tơmam ram,"của cải, hàng hóa, đồ vật",Noun
1747,tơmang,thăm,Verb
1748,tơmăn,"bằng, phẳng",Adjective
1749,tơmăn 'ba,đồng lúa,Noun
1750,tơme rong,chăm sóc,Verb
1751,tơmo,"đá, hòn đá",Noun
1752,tơmoi,khách,Noun
1753,tơmon,nắm,Verb
1754,tơmông,trống,Adjective
1755,tơmuh,"búa, cái búa",Noun
1756,tơmunh,"về sau, sau này",Preposition
1757,tơmưt,"đút, đút vào",Verb
1758,tơ'măk,vắt lên,Verb
1759,tơneh,đu đủ,Noun
1760,tơngăng,thuốc độc,Noun
1761,tơngiêt,đông,Adjective
1762,tơnglaih jul,"hạ, hạ xuống",Verb
1763,tơnglơ̆i,"thế, thế còn",Pronoun
1764,tơnglơ̆p,"hút, cái nút",Verb
1765,tơngơih,"rên, rên rỉ",Verb
1766,tơnhul tơ teh,"nhào, nhào xuống",Verb
1767,tơniêu,"thận, quả thận",Noun
1768,tơnŏ,"nóng, ấm",Adjective
1769,tơnŏ tơnang,ấm áp,Adjective
1770,tơnơl,nền,Noun
1771,tơnơm,"bụi, khóm",Noun
1772,tơnuh,bếp,Noun
1773,tơnuh ŭnh,tro bếp,Noun
1774,"tơ'ngiêt, lơngoh",lạnh,Adjective
1775,tơ'nglaih,"buông, thả",Verb
1776,tơ-ơ̆u,đây,Pronoun
1777,tơpa,"ba ba, con ba ba",Noun
1778,tơpal,cối,Noun
1779,tơpang jưng,bàn chân,Noun
1780,tơpang ti,bàn tay,Noun
1781,tơpanh,mép,Noun
1782,tơpă,"lắm, rất",Interjection/Exclamation
1783,tơpăt,thẳng,Adjective
1784,tơpăt klak,"chân thật, thật thà",Adjective
1785,tơpăt tơpe,thắng tắp,Adjective
1786,tơpĕnh,"nhảy vào, lao vào",Verb
1787,tơplih,đổi,Verb
1788,tơploh,"nhảy, quẫy",Verb
1789,tơplŏk,"bong, bong ra",Verb
1790,"tơplŏk, tơplơ̆","tốc, tốc lên",Verb
1791,tơpơh,bảy - 7,Numeral/Quantity
1792,tơprah,tràn,Verb
1793,"tơprah, tơlang","tỏa, tỏa ra",Verb
1794,tơpu,"ổ, tổ",Noun
1795,tơpul,đàn,Noun
1796,"tơpul, tơpôl",bầy,Noun
1797,tơsĭ,biển,Noun
1798,tơsu,rối,Verb
1799,tơtam,kịp thời,Adjective
1800,tơ to,kia,Pronoun
1801,tơtông,"trộm, cướp",Verb
1802,tơsĕnh,"tết, bện",Verb
1803,tơtra pơđam,bàn bạc,Verb
1804,tơtreh,vẩy,Noun
1805,tơtuanh,xoắn,Adjective
1806,tơtuh,giữ,Verb
1807,tơwang,vòng quanh,Verb
1808,tơwĕch,méo,Adjective
1809,tơwĕch tơwŏch,méo mó,Adjective
1810,tơwih,nảy,Verb
1811,tơwing,"quật, vụt",Verb
1812,tơwơih,khểu,Verb
1813,tơyăn,mướp,Noun
1814,tơyăn tăng,mướp đắng,Noun
1815,tơyơ,"đâu, đâu",Pronoun
1816,tơ'yung,phất,Verb
1817,tơ'yung sŏk,xù lông,Verb
1818,tơ-uh sơhngơ̆m,hà hơi,Verb
1819,tơ̆k bơk,giữa,Noun
1820,tơ̆k bơ̆k,lòng,Noun
1821,"tơ̆k ŭnh , soh",thắp,Verb
1822,tơ̆l,"đủ, đầy đủ, đáp, thưa, vang",Adjective
1823,tơ̆l tai,đầy đủ,Adjective
1824,tơ̆m,đâm,Verb
1825,"tơ̆ng, mơtơ̆ng","nếu, nếu như",Adverb
1826,tơ̆p,quyển,Noun
1827,tơ̆t ti,găng tay,Noun
1828,trach điêu,trách,Verb
1829,trah,đẽo,Verb
1830,tram xa,trạm xá,Noun
1831,"trang, long trang","lau, cây lau",Noun
1832,trăp,nặng,Adjective
1833,trău,khoai môn,Noun
1834,triêng,cần,Verb
1835,trom,"vòi, cái vòi",Noun
1836,trong,"đường, đường đi",Noun
1837,"trong glung, trong tĩh",đường cái,Noun
1838,trong uôh,đường mòn,Noun
1839,trong đak,rãnh nước,Noun
1840,trong kial,luồng gió,Noun
1841,trong pham,mạch máu,Noun
1842,trŏ,"đúng, trúng",Adjective
1843,trŏch,vót,Verb
1844,trôk,bùn,Noun
1845,trôm,"lỗ, hang",Verb
1846,trôm đon,lỗ tai,Noun
1847,trôm gôp,động,Noun
1848,trôm hlŏng đak,cống,Noun
1849,trôm muh,lỗ mũi,Noun
1850,trơi 'bŏi,môi,Noun
1851,truh,"đến, tới",Verb
1852,trương,trường,Noun
1853,tu,nguồn,Noun
1854,tuaih,"bồ, sọt, cái gùi",Noun
1855,tuanh đak,vắt nước,Verb
1856,tuh,húc,Verb
1857,"tuh , hling",đổ,Verb
1858,"tuh 'bơt , hling 'bơt",chắt,Noun
1859,tuk,"bỏ, bỏ đi, trừ",Verb
1860,tuk kơso,bỏ dở,Verb
1861,tuk mŏm,cai sữa,Verb
1862,tul,đấm,Verb
1863,tung,khiêng,Verb
1864,tuôch,cuối,Adjective
1865,tuôi,vác,Verb
1866,tuôih,nông,Noun
1867,tuôt,nhị,Noun
1868,tuơ̆n,tuần,Noun
1869,tưk khưk,tắc kè,Noun
1870,tưng,đọng,Verb
1871,uôl iêl,sạch sẽ,Adjective
1872,ŭnh,lửa,Noun
1873,ŭnh hnam,gia đình,Noun
1874,ŭnh sa bri,cháy rừng,Verb
1875,uĕi,ngồi,Verb
1876,uĕi ha,"nhàn, rỗi",Adjective
1877,uĕi kah,đứng lại,Verb
1878,uĕi lơnŭn,trần truồng,Adjective
1879,uĕi sreh,ngồi yên,Verb
1880,uĕi teh,ngồi bệt,Verb
1881,ư,"cụ, bố mẹ của ông bà",Noun
1882,ư̆,ừ,Interjection/Exclamation
1883,ư̆m,âm u,Adjective
1884,wal,nhện,Noun
1885,waih,khua,Verb
1886,wal,bữa,Noun
1887,wang akŏm,lùa,Verb
1888,wang rôp,"vây, bao vây",Verb
1889,wau,ào,Verb
1890,wau wau,ào ào,Adjective
1891,wă,"muốn, yêu",Verb
1892,wă,định,Verb
1893,wă nưih,"kịp, kịp thời",Adjective
1894,wă 'moih,ham muốn,Verb
1895,wă tep,buôn ngủ,Adjective
1896,wăi,"giữ, bảo vệ",Verb
1897,"wăi rong, jư",bảo vệ,Verb
1898,wăk,chòi,Noun
1899,wăl,"quàng, choàng",Verb
1900,wăng,"liễm, cái liểm",Noun
1901,"we, chih",vẽ,Verb
1902,weh,lệch,Adjective
1903,"weh, sơlah",rẽ,Verb
1904,wêch,văn,Noun
1905,wêch 'long,ngọn cây,Noun
1906,wêl wêl,vang vọng,Adjective
1907,wêng trong,lạc đường,Verb
1908,wi 'ban sa,uỷ ban xã,Noun
1909,"wih, sưt, priêu",về,Preposition
1910,wih piêu,trở lại,Verb
1911,wih rŏng,rút lui,Verb
1912,wơih,"và, vẫy , quờ",Adverb
1913,wơl,"khoắng, đảo, khuấy .",Verb
1914,wơ̆l,rộng,Adjective
1915,yaih,dỡ,Verb
1916,yaih tŭk,phá,Verb
1917,yak,"bước, bước chân",Verb
1918,"yak, yak năm","bước, bước đi",Verb
1919,"yan, khĕi",mùa,Noun
1920,yan 'mi,mùa mưa,Noun
1921,yan lơngưp,mùa thu,Noun
1922,yan puih,mùa xuân,Noun
1923,yan tŏ phang,"hạ, mùa hạ",Noun
1924,"yan tơngiêt, khăi tơngiêt",mùa đông,Noun
1925,yang,"thần, thánh",Noun
1926,yang đak,thần nước,Noun
1927,yang kông,thần núi,Noun
1928,yang plĕnh,thần trời,Noun
1929,yap,đếm,Verb
1930,yă,bà,Noun
1931,yă aguôt,bọ cạp,Noun
1932,yă 'bok,tổ tiên,Noun
1933,"yă kơsŏng, yă kơtĕi","tép, tôm",Noun
1934,yă 'ngok,"nhộng, con nhộng",Verb
1935,yă ư,cụ bà,Noun
1936,yă yai,"yểng, con yểng",Noun
1937,yă yang,tiên,Noun
1938,yăh,nếu,Adverb
1939,yok ja,tro tranh,Noun
1940,yok 'long ŭnh,tro củi,Noun
1941,yol,"dại, bệnh dại",Verb
1942,yŏng,mái,Noun
1943,yŏng kră sut,ong chúa,Noun
1944,yôm,ướt,Adjective
1945,yôm,thấm,Verb
1946,yôm yŏch,ướt sũng,Adjective
1947,yôp,nhoẻn cười,Verb
1948,yơh,nhé,Interjection/Exclamation
1949,yơl,"cao, chiều cao",Noun
1950,yuăn,"Kinh, dân tộc Kinh",Noun
1951,yuh ŭnh,gừng,Noun
1952,yui,"râm, bóng râm, bóng",Noun
1953,yul,yếm,Noun
1954,yuô lơnhư,vì sao,Adverb
1955,yuô yưng,vì sao,Adverb
1956,yuô… kơna…,vì… nên…,Adverb
1957,yưm,"màu tím, bầm tím",Noun
1958,yưng,"gì, cái gì",Pronoun
1959,yem,chúng mày — nhiều người,Pronoun
1960,yĕr,gà,Noun
1961,yĕr bri,gà rừng,Noun
1962,yĕr tơ'mông,gà trống,Noun
1963,yĕr yŏng,gà mái,Noun
1964,yoh ai,nhục,Adjective
1965,yol,chảy,Verb
1966,yol blai,"tuôn, tuôn ra",Verb
1967,yŏk,"lấy, nhận",Verb
1968,yŏk adrol,"vay, mượn",Verb
1969,yŏk 'bơt,"bớt, bớt đi",Verb
1970,yŏk dŏng,vớt,Verb
1971,yŏk jên ruôt tơmam,tiêu tiền,Verb
1972,yŏk 'long ŭnh,lấy củi,Verb
1973,"yŏk pơnưp, 'yŏk chơtŭ",vờn,Verb
1974,"yŏk tơlêch, 'yŏk tơgah",lấy ra,Verb
1975,yôp,mút,Verb
1976,yôt gơdung,"oằn, oằn xuống",Verb
1977,yvung,đứng dậy,Verb
1978,yung đưng tep,ngủ dậy,Verb
1979,yung hral,thức giấc,Verb
1980,yŭ,"sợ, hoảng hốt",Adjective